{
    "PlaceId": 2753915549,
    "Rejoin": {
        "AutoRejoin": true,
        "AutoRejoinVip": {
            "VipServers": ""
        }
    },
    "Delay": {
        "ProcessWait": 2,
        "LoopWait": 15,
        "TerminateWait": 8,
        "Launch_Game_Wait": 5
    },
    "Misc":{
        "RobloxHome_Disable": false,
        "AlertTitles": [
            "ERROR",
            "AWP Crash",
            "Authentication Failed",
            "WerFault.exe - Application Error"
        ],
        "LiveSteam_Mode": true
    },
    "ApiConfigs":{
        "RobloxApi": false
    },
    "Reload":{
        "Enable": false,
        "ReloadDelay": 3600,
        "Memory":{
            "EnableSniper": false,
            "Limit_Mb": 2700
        }
    },
    "AccessControl":{
        "Whitelist":{
            "Github": false,
            "DiscorId": 483969305940328448
        }
    }
}
