{
   "PlaceId":2753915549,
   "Rejoin":{
      "AutoRejoin":true,
      "AutoRejoinMultiVip":false,
      "AutoRejoinVip":{
         "VipServers":""
      }
   },
   "Delay":{
      "ProcessWait":2,
      "LoopWait":15,
      "Launch_Game_Wait":7
   },
   "Misc":{
      "RobloxHome_Disable":false,
      "AlertTitles":[
         "ERROR",
         "Authentication Failed",
         "WerFault.exe - Application Error"
      ],
      "FpsUnlocker":{
         "Enable":false,
         "Fps":15
      },
      "RobloxCrashProcess":{
         "Enable":true
      },
      "LiveSteam_Mode":false,
      "KeepDataCache": 750

   },
   "ApiConfigs":{
      "RobloxApi":false
   },
   "Reload":{
      "Enable":false,
      "ReloadDelay":600,
      "Memory":{
         "EnableSniper":false,
         "Limit_Mb":2700
      }
   },
   "WindowsManager":{
      "Enable":false,
      "SetDelay":5,
      "Arrange":{
         "WindowHeight":125,
         "WindowWidth":25,
         "MaxWindowsRows":55
      },
      "Resize":false,
      "Minimize":false
   },
   "DevicesManger":{
      "ServerList":[
         ""
      ],
      "Split":12
   },
   "AccessControl":{
      "Whitelist":{
         "Github":true,
         "DiscorId":483969305940328448
      }
   }
}

