{
   "PlaceId":2753915549,
   "Rejoin":{
      "AutoRejoin":true,
      "AutoRejoinVip":{
         "VipServers":""
      }
   },
   "Delay":{
      "ProcessWait":5,
      "LoopWait":10,
      "TerminateWait":7,
      "Launch_Game_Wait":5
   },
   "Misc":{
      "RobloxHome_Disable":false,
      "AlertTitles":[
         "ERROR",
         "AWP Crash",
         "Authentication Failed",
         "WerFault.exe - Application Error"
      ],
      "FpsUnlocker":{
         "Enable":false,
         "Fps":12
      },
      "LiveSteam_Mode":false,
      "KeepDataCache":300
   },
   "ApiConfigs":{
      "RobloxApi":false
   },
   "Reload":{
      "Enable":false,
      "ReloadDelay":600,
      "Memory":{
         "EnableSniper":false,
         "Limit_Mb":2700
      }
   },
   "WindowsManager":{
      "Enable":true,
      "SetDelay":5,
      "Arrange":{
         "WindowWidth":800,
         "WindowHeight":125,
         "DistanceWindows":25,
         "MaxWindowsRows":50
      },
      "Minimize": false
   },
   "AccessControl":{
      "Whitelist":{
         "Github":true,
         "DiscorId":483969305940328448
      }
   }
}

