{
    "PlaceId": 2753915549,
    "main_settings": {
        "auto_rejoin": true
    },
    "timer_settings": {
        "id_processing_delay": 2,
        "loop_execution_delay": 30,
        "game_launch_delay ": 10
    },
    "misc":{
        "disable_roblox_home": true,
        "close_error_title": [
            "ERROR",
            "AWP Crash",
            "Authentication Failed"
        ]
    },
    "systems":{
        "whitelist":{
            "github": false,
            "discord_id": 9999999
        }
    }
}