{
    "PlaceId": 2753915549,
    "main_settings": {
        "auto_rejoin": true,
        "auto_rejoin_vip": {
            "enable": false,
            "vip_servers": ""
        }
    },

    "timer_settings": {
        "id_processing_delay": 2,
        "loop_execution_delay": 30,
        "game_launch_delay ": 7
    },
    "misc":{
        "disable_roblox_home": true,
        "close_error_title": [
            "ERROR",
            "AWP Crash",
            "Authentication Failed",
            "WerFault.exe - Application Error"
        ],
        "live_steam_mode": false
    },
    "reload_settings":{
        "enable_reload": false,
        "reload_delay": 2000,
        "memory_process":{
            "enable_sniper": false,
            "ram_limit_mb": 2200
        }
    },
    "systems":{
        "whitelist":{
            "github": false,
            "discord_id": 483969305940328448
        }
    }
}