{
    "Deva34218": {
        "pid": 12844
    },
    "Infernal14193": {
        "pid": 4476
    },
    "Quantum71003": {
        "pid": 31688
    },
    "Ragnar92767": {
        "pid": 32520
    },
    "Wraith28483": {
        "pid": 28924
    },
    "Lightning45556": {
        "pid": 32276
    },
    "Real40227": {
        "pid": 21880
    },
    "Zero41892": {
        "pid": 13400
    },
    "Ghost85606": {
        "pid": 16564
    },
    "Xeno94374": {
        "pid": 3972
    },
    "Drako20661": {
        "pid": 28868
    },
    "Kael34648": {
        "pid": 29260
    },
    "Mystic43166": {
        "pid": 22652
    },
    "Frost82819": {
        "pid": 21760
    },
    "Stone17214": {
        "pid": 27816
    },
    "Orisa66368": {
        "pid": 23280
    },
    "Cyber84101": {
        "pid": 21368
    },
    "Chrome79949": {
        "pid": 21420
    },
    "Zero75969": {
        "pid": 21208
    },
    "Gold16658": {
        "pid": 28368
    }
}